theta_deg,CT_exp,CQ_exp
0,0,0.000238
2,0.001181,0.00027
4,0.00362,0.000396
6,0.00694,0.00068
8,0.01103,0.001086
10,0.01548,0.001635
12,0.02,0.00228