theta_deg,CT_exp,CQ_exp
0,0,0.00015
2,0.0008,0.00018
4,0.0018,0.00025
6,0.0032,0.00038
8,0.0050,0.00058
10,0.0072,0.00085
12,0.0098,0.00120
14,0.0128,0.00162
16,0.0162,0.00210
18,0.0200,0.00265
20,0.0242,0.00325