{
  "altitude_m": 2000,
  "max_weight_thrust_kg": 2873.304305703837,
  "max_weight_power_kg": 7741.618143641249,
  "thrust_available_N": 28187.115238954644,
  "power_required_kW": 630.9555998584887
}