{
  "altitude_m": 2000,
  "max_weight_thrust_kg": 2873.304305703837,
  "max_weight_power_kg": 7741.618143641249,
  "thrust_available_N": 28187.115238954644,
  "power_required_kW": 630.9555998584887,
  "weights": [
    2000.0,
    2157.8947368421054,
    2315.7894736842104,
    2473.684210526316,
    2631.578947368421,
    2789.4736842105262,
    2947.3684210526317,
    3105.2631578947367,
    3263.157894736842,
    3421.0526315789475,
    3578.9473684210525,
    3736.842105263158,
    3894.7368421052633,
    4052.6315789473683,
    4210.526315789473,
    4368.421052631578,
    4526.315789473684,
    4684.21052631579,
    4842.105263157895,
    5000.0
  ],
  "fuel_rates": [
    1.8299361197894752,
    1.9744047608254867,
    2.118873401861498,
    2.263342042897509,
    2.4078106839335196,
    2.5522793249695312,
    2.696747966005543,
    2.8412166070415537,
    2.9856852480775653,
    3.130153889113576,
    3.2746225301495873,
    3.4190911711855985,
    3.5635598122216097,
    3.708028453257621,
    3.852497094293632,
    3.9969657353296433,
    4.141434376365655,
    4.285903017401666,
    4.430371658437678,
    4.574840299473688
  ],
  "endurances": [
    437.173730464447,
    405.18540872314594,
    377.5591308556587,
    353.45961186487204,
    332.2520351529798,
    313.44531618205633,
    296.6536028151604,
    281.5695213160845,
    267.94518963949974,
    255.57848857921516,
    244.30296702424977,
    233.98030644576036,
    224.4946183466079,
    215.74807477466214,
    207.65752197061232,
    200.15182840540945,
    193.16978787963933,
    186.6584467151571,
    180.57175823531503,
    174.8694921857788
  ]
}