theta_deg,CT_exp,CQ_exp
0,0.0000,0.00008
2,0.0005,0.00010
4,0.0014,0.00018
6,0.0028,0.00032
8,0.0047,0.00054
10,0.0071,0.00085
12,0.0100,0.00125
14,0.0134,0.00174
16,0.0173,0.00232
18,0.0217,0.00300
20,0.0266,0.00377